employee_id,first_name,last_name,department,location,salary,hire_date,performance_score
1,First1,Last1,HR,New York,139410,2010-01-01,7
2,First2,Last2,Marketing,Tokyo,93081,2010-01-02,5
3,First3,Last3,Marketing,New York,122671,2010-01-03,9
4,First4,Last4,IT,Berlin,141322,2010-01-04,6
5,First5,Last5,Sales,Tokyo,35522,2010-01-05,7
6,First6,Last6,Sales,Sydney,118735,2010-01-06,5
7,First7,Last7,Sales,Sydney,95820,2010-01-07,10
8,First8,Last8,Marketing,London,87213,2010-01-08,6
9,First9,Last9,Sales,New York,80347,2010-01-09,1
10,First10,Last10,HR,London,54995,2010-01-10,1
11,First11,Last11,Finance,Berlin,146428,2010-01-11,7
12,First12,Last12,Finance,Tokyo,60357,2010-01-12,3
13,First13,Last13,IT,Sydney,72860,2010-01-13,6
14,First14,Last14,Finance,London,92992,2010-01-14,9
15,First15,Last15,HR,Tokyo,64269,2010-01-15,1
16,First16,Last16,HR,New York,74215,2010-01-16,9
17,First17,Last17,Sales,Sydney,59754,2010-01-17,9
18,First18,Last18,HR,London,91429,2010-01-18,8
19,First19,Last19,Finance,London,133956,2010-01-19,1
20,First20,Last20,Marketing,London,74561,2010-01-20,3
21,First21,Last21,IT,New York,87174,2010-01-21,5
22,First22,Last22,HR,Sydney,139639,2010-01-22,5
23,First23,Last23,IT,Tokyo,57816,2010-01-23,7
24,First24,Last24,Finance,Mumbai,127188,2010-01-24,7
25,First25,Last25,HR,New York,108938,2010-01-25,2
26,First26,Last26,Sales,Berlin,112678,2010-01-26,1
27,First27,Last27,Marketing,Berlin,140051,2010-01-27,10
28,First28,Last28,HR,Tokyo,39905,2010-01-28,1
29,First29,Last29,Finance,Tokyo,110393,2010-01-29,7
30,First30,Last30,Finance,Tokyo,126334,2010-01-30,1
31,First31,Last31,Operations,Mumbai,70030,2010-01-31,8
32,First32,Last32,HR,Mumbai,118072,2010-02-01,5
33,First33,Last33,Operations,London,75339,2010-02-02,9
34,First34,Last34,IT,New York,65889,2010-02-03,1
35,First35,Last35,HR,Mumbai,90453,2010-02-04,5
36,First36,Last36,Sales,Tokyo,105583,2010-02-05,3
37,First37,Last37,Finance,Sydney,112994,2010-02-06,9
38,First38,Last38,Sales,Mumbai,80468,2010-02-07,8
39,First39,Last39,IT,London,131264,2010-02-08,9
40,First40,Last40,Marketing,Tokyo,102324,2010-02-09,7
41,First41,Last41,Marketing,Berlin,90638,2010-02-10,6
42,First42,Last42,IT,Mumbai,121730,2010-02-11,10
43,First43,Last43,HR,London,103147,2010-02-12,8
44,First44,Last44,Marketing,Berlin,51818,2010-02-13,6
45,First45,Last45,HR,New York,129351,2010-02-14,7
46,First46,Last46,IT,London,142197,2010-02-15,6
47,First47,Last47,Marketing,Mumbai,70576,2010-02-16,10
48,First48,Last48,Finance,Mumbai,51692,2010-02-17,7
49,First49,Last49,Marketing,New York,101123,2010-02-18,4
50,First50,Last50,HR,Mumbai,84111,2010-02-19,8
51,First51,Last51,IT,Tokyo,42930,2010-02-20,1
52,First52,Last52,Sales,Tokyo,44265,2010-02-21,2
53,First53,Last53,Operations,New York,135546,2010-02-22,7
54,First54,Last54,HR,London,133647,2010-02-23,9
55,First55,Last55,Marketing,Berlin,88169,2010-02-24,2
56,First56,Last56,IT,Sydney,41692,2010-02-25,2
57,First57,Last57,Finance,Mumbai,45745,2010-02-26,3
58,First58,Last58,IT,London,111107,2010-02-27,6
59,First59,Last59,Operations,New York,101482,2010-02-28,7
60,First60,Last60,Sales,Berlin,105642,2010-03-01,1
61,First61,Last61,Sales,Sydney,115065,2010-03-02,9
62,First62,Last62,IT,Berlin,142596,2010-03-03,7
63,First63,Last63,Sales,Tokyo,58661,2010-03-04,7
64,First64,Last64,HR,New York,102358,2010-03-05,3
65,First65,Last65,Marketing,Berlin,123674,2010-03-06,7
66,First66,Last66,Marketing,Sydney,114657,2010-03-07,3
67,First67,Last67,Marketing,New York,106143,2010-03-08,6
68,First68,Last68,IT,New York,56731,2010-03-09,7
69,First69,Last69,Finance,Sydney,93961,2010-03-10,7
70,First70,Last70,Marketing,London,56031,2010-03-11,5
71,First71,Last71,Operations,New York,104979,2010-03-12,3
72,First72,Last72,IT,Mumbai,141105,2010-03-13,4
73,First73,Last73,Operations,Tokyo,43284,2010-03-14,2
74,First74,Last74,IT,Berlin,43813,2010-03-15,4
75,First75,Last75,IT,Mumbai,128322,2010-03-16,8
76,First76,Last76,Marketing,Berlin,31413,2010-03-17,4
77,First77,Last77,Sales,London,43823,2010-03-18,1
78,First78,Last78,Marketing,London,137716,2010-03-19,3
79,First79,Last79,IT,London,85355,2010-03-20,2
80,First80,Last80,Operations,New York,86341,2010-03-21,9
81,First81,Last81,Finance,Tokyo,56446,2010-03-22,7
82,First82,Last82,Operations,London,45181,2010-03-23,7
83,First83,Last83,Operations,Sydney,45298,2010-03-24,8
84,First84,Last84,Sales,Mumbai,73513,2010-03-25,7
85,First85,Last85,IT,London,89766,2010-03-26,2
86,First86,Last86,Finance,Sydney,110533,2010-03-27,7
87,First87,Last87,Finance,Sydney,57128,2010-03-28,10
88,First88,Last88,Operations,London,53488,2010-03-29,8
89,First89,Last89,HR,Mumbai,62966,2010-03-30,10
90,First90,Last90,Sales,Berlin,84646,2010-03-31,6
91,First91,Last91,Operations,Tokyo,43389,2010-04-01,8
92,First92,Last92,IT,Mumbai,111449,2010-04-02,5
93,First93,Last93,Marketing,London,52794,2010-04-03,5
94,First94,Last94,Marketing,Tokyo,85792,2010-04-04,8
95,First95,Last95,HR,Berlin,40814,2010-04-05,10
96,First96,Last96,Operations,Sydney,121511,2010-04-06,7
97,First97,Last97,Sales,Sydney,149537,2010-04-07,5
98,First98,Last98,Marketing,New York,37407,2010-04-08,5
99,First99,Last99,Finance,Tokyo,114678,2010-04-09,8
100,First100,Last100,IT,Sydney,120957,2010-04-10,2
101,First101,Last101,Sales,Sydney,104320,2010-04-11,5
102,First102,Last102,HR,Mumbai,146862,2010-04-12,6
103,First103,Last103,IT,Sydney,67147,2010-04-13,1
104,First104,Last104,Sales,London,87888,2010-04-14,9
105,First105,Last105,Marketing,Sydney,142221,2010-04-15,7
106,First106,Last106,Operations,Mumbai,85633,2010-04-16,4
107,First107,Last107,HR,London,112897,2010-04-17,2
108,First108,Last108,Sales,Tokyo,94933,2010-04-18,2
109,First109,Last109,Marketing,London,99478,2010-04-19,1
110,First110,Last110,Sales,Mumbai,130193,2010-04-20,8
111,First111,Last111,Operations,Mumbai,85444,2010-04-21,7
112,First112,Last112,IT,Tokyo,49629,2010-04-22,4
113,First113,Last113,HR,Berlin,35110,2010-04-23,5
114,First114,Last114,Sales,New York,100619,2010-04-24,1
115,First115,Last115,Sales,New York,34674,2010-04-25,1
116,First116,Last116,Finance,Sydney,68154,2010-04-26,4
117,First117,Last117,HR,Mumbai,104192,2010-04-27,1
118,First118,Last118,Operations,London,107701,2010-04-28,2
119,First119,Last119,Operations,Mumbai,30608,2010-04-29,2
120,First120,Last120,HR,Mumbai,100543,2010-04-30,4
121,First121,Last121,IT,Sydney,39924,2010-05-01,9
122,First122,Last122,Sales,London,61510,2010-05-02,10
123,First123,Last123,IT,Mumbai,65596,2010-05-03,6
124,First124,Last124,Marketing,London,94100,2010-05-04,7
125,First125,Last125,Sales,New York,122249,2010-05-05,6
126,First126,Last126,Marketing,Tokyo,126641,2010-05-06,2
127,First127,Last127,IT,Sydney,105128,2010-05-07,5
128,First128,Last128,IT,Tokyo,41321,2010-05-08,9
129,First129,Last129,Marketing,London,68271,2010-05-09,5
130,First130,Last130,HR,Sydney,102365,2010-05-10,3
131,First131,Last131,Operations,New York,102570,2010-05-11,9
132,First132,Last132,IT,New York,84294,2010-05-12,9
133,First133,Last133,IT,New York,30628,2010-05-13,2
134,First134,Last134,Finance,Sydney,39412,2010-05-14,8
135,First135,Last135,Marketing,New York,39698,2010-05-15,10
136,First136,Last136,Marketing,Berlin,122327,2010-05-16,8
137,First137,Last137,Operations,Tokyo,72940,2010-05-17,6
138,First138,Last138,Operations,London,49529,2010-05-18,9
139,First139,Last139,Operations,New York,138385,2010-05-19,6
140,First140,Last140,Finance,Sydney,46825,2010-05-20,7
141,First141,Last141,Operations,New York,31815,2010-05-21,9
142,First142,Last142,Operations,Sydney,97289,2010-05-22,7
143,First143,Last143,IT,Berlin,84497,2010-05-23,4
144,First144,Last144,HR,Sydney,79911,2010-05-24,10
145,First145,Last145,Marketing,Mumbai,88460,2010-05-25,3
146,First146,Last146,Operations,Berlin,97469,2010-05-26,10
147,First147,Last147,Sales,New York,141420,2010-05-27,6
148,First148,Last148,Marketing,Tokyo,87395,2010-05-28,5
149,First149,Last149,IT,Sydney,47540,2010-05-29,7
150,First150,Last150,HR,London,43045,2010-05-30,10
151,First151,Last151,Operations,New York,89228,2010-05-31,1
152,First152,Last152,Sales,Sydney,114301,2010-06-01,10
153,First153,Last153,Marketing,Berlin,86406,2010-06-02,3
154,First154,Last154,IT,Sydney,122119,2010-06-03,6
155,First155,Last155,IT,Tokyo,96892,2010-06-04,1
156,First156,Last156,Operations,Mumbai,76775,2010-06-05,8
157,First157,Last157,Sales,London,79429,2010-06-06,4
158,First158,Last158,HR,Sydney,127211,2010-06-07,9
159,First159,Last159,Sales,Tokyo,45621,2010-06-08,1
160,First160,Last160,Sales,Mumbai,39342,2010-06-09,3
161,First161,Last161,Operations,Sydney,58135,2010-06-10,5
162,First162,Last162,Finance,Tokyo,143353,2010-06-11,3
163,First163,Last163,Sales,Mumbai,124000,2010-06-12,8
164,First164,Last164,Finance,Berlin,141782,2010-06-13,7
165,First165,Last165,Finance,Berlin,104506,2010-06-14,5
166,First166,Last166,Operations,Berlin,88845,2010-06-15,8
167,First167,Last167,Marketing,Berlin,104359,2010-06-16,2
168,First168,Last168,IT,New York,35842,2010-06-17,5
169,First169,Last169,HR,Tokyo,69136,2010-06-18,4
170,First170,Last170,Sales,Mumbai,71439,2010-06-19,9
171,First171,Last171,Operations,New York,115042,2010-06-20,9
172,First172,Last172,HR,Mumbai,69096,2010-06-21,4
173,First173,Last173,Finance,New York,106207,2010-06-22,4
174,First174,Last174,Operations,Mumbai,133584,2010-06-23,2
175,First175,Last175,Operations,London,112180,2010-06-24,5
176,First176,Last176,Marketing,Sydney,82586,2010-06-25,10
177,First177,Last177,Sales,Sydney,55346,2010-06-26,6
178,First178,Last178,IT,Sydney,52137,2010-06-27,10
179,First179,Last179,Operations,Tokyo,100377,2010-06-28,5
180,First180,Last180,IT,London,49925,2010-06-29,9
181,First181,Last181,Marketing,New York,82788,2010-06-30,3
182,First182,Last182,Finance,London,112149,2010-07-01,4
183,First183,Last183,Marketing,London,123841,2010-07-02,9
184,First184,Last184,IT,London,98425,2010-07-03,1
185,First185,Last185,Marketing,New York,52573,2010-07-04,10
186,First186,Last186,Marketing,Sydney,123072,2010-07-05,5
187,First187,Last187,HR,London,77125,2010-07-06,2
188,First188,Last188,Finance,Mumbai,100634,2010-07-07,7
189,First189,Last189,HR,Sydney,128379,2010-07-08,10
190,First190,Last190,Operations,Berlin,58843,2010-07-09,2
191,First191,Last191,Finance,London,107002,2010-07-10,8
192,First192,Last192,HR,Berlin,73448,2010-07-11,2
193,First193,Last193,HR,London,128367,2010-07-12,4
194,First194,Last194,HR,London,101688,2010-07-13,6
195,First195,Last195,Sales,Tokyo,138496,2010-07-14,7
196,First196,Last196,IT,Mumbai,103809,2010-07-15,4
197,First197,Last197,Sales,London,139057,2010-07-16,6
198,First198,Last198,Finance,Sydney,77885,2010-07-17,5
199,First199,Last199,Marketing,Sydney,122234,2010-07-18,9
200,First200,Last200,Sales,London,125641,2010-07-19,8
201,First201,Last201,IT,New York,105788,2010-07-20,2
202,First202,Last202,IT,Tokyo,105552,2010-07-21,7
203,First203,Last203,Sales,New York,124822,2010-07-22,7
204,First204,Last204,Operations,Mumbai,30457,2010-07-23,3
205,First205,Last205,IT,London,44564,2010-07-24,6
206,First206,Last206,Operations,Berlin,131847,2010-07-25,4
207,First207,Last207,Operations,New York,66719,2010-07-26,9
208,First208,Last208,Operations,Mumbai,105654,2010-07-27,10
209,First209,Last209,HR,Mumbai,139992,2010-07-28,6
210,First210,Last210,Sales,London,48713,2010-07-29,5
211,First211,Last211,Operations,Berlin,97259,2010-07-30,3
212,First212,Last212,IT,Berlin,128091,2010-07-31,6
213,First213,Last213,Operations,Tokyo,92724,2010-08-01,9
214,First214,Last214,IT,Sydney,86298,2010-08-02,5
215,First215,Last215,Finance,Sydney,113762,2010-08-03,8
216,First216,Last216,IT,Mumbai,89765,2010-08-04,3
217,First217,Last217,HR,Berlin,103912,2010-08-05,7
218,First218,Last218,Finance,Sydney,96972,2010-08-06,9
219,First219,Last219,Operations,Tokyo,149457,2010-08-07,3
220,First220,Last220,HR,Sydney,137220,2010-08-08,10
221,First221,Last221,Marketing,Sydney,38326,2010-08-09,9
222,First222,Last222,Operations,London,140391,2010-08-10,8
223,First223,Last223,Sales,Berlin,36179,2010-08-11,6
224,First224,Last224,Finance,Mumbai,103217,2010-08-12,3
225,First225,Last225,Finance,Tokyo,115505,2010-08-13,6
226,First226,Last226,Operations,Tokyo,116084,2010-08-14,4
227,First227,Last227,Marketing,London,79138,2010-08-15,5
228,First228,Last228,Sales,Berlin,87933,2010-08-16,3
229,First229,Last229,Marketing,Berlin,144476,2010-08-17,7
230,First230,Last230,Finance,Tokyo,134527,2010-08-18,6
231,First231,Last231,Sales,Mumbai,45981,2010-08-19,8
232,First232,Last232,Finance,Berlin,136306,2010-08-20,3
233,First233,Last233,Marketing,London,120267,2010-08-21,5
234,First234,Last234,HR,New York,71980,2010-08-22,1
235,First235,Last235,HR,New York,86203,2010-08-23,1
236,First236,Last236,Operations,London,130021,2010-08-24,6
237,First237,Last237,Operations,London,144912,2010-08-25,10
238,First238,Last238,Operations,Tokyo,142141,2010-08-26,3
239,First239,Last239,Marketing,Tokyo,131533,2010-08-27,1
240,First240,Last240,Sales,London,77719,2010-08-28,6
241,First241,Last241,IT,Sydney,45426,2010-08-29,9
242,First242,Last242,Marketing,Berlin,71795,2010-08-30,3
243,First243,Last243,Sales,London,148566,2010-08-31,3
244,First244,Last244,Operations,London,120893,2010-09-01,9
245,First245,Last245,HR,Berlin,36401,2010-09-02,5
246,First246,Last246,HR,London,115196,2010-09-03,2
247,First247,Last247,IT,Mumbai,41193,2010-09-04,1
248,First248,Last248,Marketing,Mumbai,69090,2010-09-05,4
249,First249,Last249,HR,London,146182,2010-09-06,4
250,First250,Last250,Marketing,New York,131430,2010-09-07,3
251,First251,Last251,Operations,London,142075,2010-09-08,2
252,First252,Last252,HR,Sydney,41423,2010-09-09,7
253,First253,Last253,HR,Sydney,104338,2010-09-10,5
254,First254,Last254,HR,Tokyo,90416,2010-09-11,3
255,First255,Last255,IT,Sydney,115394,2010-09-12,4
256,First256,Last256,Finance,Mumbai,40010,2010-09-13,6
257,First257,Last257,HR,New York,104602,2010-09-14,8
258,First258,Last258,Finance,Mumbai,58871,2010-09-15,2
259,First259,Last259,HR,London,93396,2010-09-16,1
260,First260,Last260,Marketing,New York,56211,2010-09-17,7
261,First261,Last261,Operations,New York,105022,2010-09-18,3
262,First262,Last262,Sales,Sydney,84135,2010-09-19,9
263,First263,Last263,IT,New York,79827,2010-09-20,6
264,First264,Last264,Finance,New York,125936,2010-09-21,9
265,First265,Last265,HR,London,42635,2010-09-22,7
266,First266,Last266,HR,New York,70448,2010-09-23,10
267,First267,Last267,Operations,Tokyo,74867,2010-09-24,10
268,First268,Last268,IT,Sydney,75465,2010-09-25,9
269,First269,Last269,Operations,New York,109265,2010-09-26,2
270,First270,Last270,IT,Mumbai,78027,2010-09-27,5
271,First271,Last271,Sales,Sydney,136880,2010-09-28,3
272,First272,Last272,Sales,Tokyo,47031,2010-09-29,4
273,First273,Last273,IT,Mumbai,38526,2010-09-30,2
274,First274,Last274,Operations,New York,101885,2010-10-01,4
275,First275,Last275,Marketing,Tokyo,87925,2010-10-02,1
276,First276,Last276,Finance,Tokyo,130231,2010-10-03,9
277,First277,Last277,Marketing,Berlin,127118,2010-10-04,4
278,First278,Last278,Marketing,New York,97400,2010-10-05,7
279,First279,Last279,Operations,Berlin,132924,2010-10-06,10
280,First280,Last280,Operations,Tokyo,129155,2010-10-07,3
281,First281,Last281,Sales,Berlin,94210,2010-10-08,6
282,First282,Last282,Operations,London,47948,2010-10-09,10
283,First283,Last283,IT,Sydney,129036,2010-10-10,10
284,First284,Last284,HR,Mumbai,51900,2010-10-11,4
285,First285,Last285,IT,Berlin,142169,2010-10-12,3
286,First286,Last286,Finance,London,30203,2010-10-13,8
287,First287,Last287,IT,Mumbai,98951,2010-10-14,4
288,First288,Last288,HR,Berlin,75784,2010-10-15,10
289,First289,Last289,Operations,Sydney,101187,2010-10-16,3
290,First290,Last290,Operations,Tokyo,104894,2010-10-17,6
291,First291,Last291,HR,Sydney,145186,2010-10-18,8
292,First292,Last292,IT,Mumbai,91202,2010-10-19,2
293,First293,Last293,Sales,London,86652,2010-10-20,2
294,First294,Last294,Sales,Sydney,85603,2010-10-21,3
295,First295,Last295,HR,Sydney,113472,2010-10-22,6
296,First296,Last296,HR,New York,129087,2010-10-23,5
297,First297,Last297,HR,New York,37366,2010-10-24,2
298,First298,Last298,IT,New York,101933,2010-10-25,2
299,First299,Last299,Marketing,Tokyo,114924,2010-10-26,9
300,First300,Last300,Operations,Tokyo,79010,2010-10-27,1
301,First301,Last301,Marketing,New York,125448,2010-10-28,9
302,First302,Last302,IT,London,121208,2010-10-29,5
303,First303,Last303,Finance,New York,96553,2010-10-30,10
304,First304,Last304,Sales,Berlin,37453,2010-10-31,8
305,First305,Last305,Sales,Mumbai,49009,2010-11-01,10
306,First306,Last306,IT,Mumbai,104026,2010-11-02,7
307,First307,Last307,Marketing,Tokyo,54599,2010-11-03,9
308,First308,Last308,HR,Sydney,50649,2010-11-04,1
309,First309,Last309,Operations,London,44034,2010-11-05,9
310,First310,Last310,IT,Mumbai,135996,2010-11-06,2
311,First311,Last311,Sales,Sydney,78259,2010-11-07,7
312,First312,Last312,IT,Tokyo,44898,2010-11-08,1
313,First313,Last313,Sales,Sydney,50350,2010-11-09,2
314,First314,Last314,IT,Tokyo,75347,2010-11-10,1
315,First315,Last315,Marketing,Mumbai,37088,2010-11-11,1
316,First316,Last316,Sales,Sydney,146287,2010-11-12,7
317,First317,Last317,Sales,New York,104263,2010-11-13,7
318,First318,Last318,IT,Berlin,32027,2010-11-14,7
319,First319,Last319,IT,Mumbai,68567,2010-11-15,4
320,First320,Last320,HR,Mumbai,96409,2010-11-16,1
321,First321,Last321,HR,London,75125,2010-11-17,5
322,First322,Last322,Marketing,Sydney,60168,2010-11-18,5
323,First323,Last323,Sales,Berlin,70553,2010-11-19,3
324,First324,Last324,Marketing,Tokyo,88051,2010-11-20,8
325,First325,Last325,Operations,London,47891,2010-11-21,6
326,First326,Last326,Operations,New York,62188,2010-11-22,9
327,First327,Last327,HR,Berlin,82865,2010-11-23,4
328,First328,Last328,Sales,Mumbai,110407,2010-11-24,10
329,First329,Last329,Operations,Mumbai,41951,2010-11-25,4
330,First330,Last330,Finance,London,32232,2010-11-26,6
331,First331,Last331,Marketing,Mumbai,88953,2010-11-27,9
332,First332,Last332,Finance,Berlin,143337,2010-11-28,3
333,First333,Last333,Operations,Mumbai,121633,2010-11-29,5
334,First334,Last334,HR,Sydney,70397,2010-11-30,6
335,First335,Last335,Operations,Tokyo,39751,2010-12-01,1
336,First336,Last336,Operations,New York,48118,2010-12-02,5
337,First337,Last337,Operations,New York,106626,2010-12-03,10
338,First338,Last338,Sales,London,111989,2010-12-04,1
339,First339,Last339,Sales,Tokyo,131997,2010-12-05,3
340,First340,Last340,Operations,Berlin,65934,2010-12-06,4
341,First341,Last341,IT,London,77939,2010-12-07,8
342,First342,Last342,HR,Sydney,108140,2010-12-08,3
343,First343,Last343,HR,New York,104986,2010-12-09,10
344,First344,Last344,Operations,Mumbai,78893,2010-12-10,3
345,First345,Last345,Marketing,Sydney,90174,2010-12-11,1
346,First346,Last346,Sales,New York,40122,2010-12-12,3
347,First347,Last347,Sales,Sydney,52677,2010-12-13,9
348,First348,Last348,IT,Berlin,39336,2010-12-14,8
349,First349,Last349,HR,Sydney,105793,2010-12-15,10
350,First350,Last350,Sales,London,130411,2010-12-16,1
351,First351,Last351,IT,Mumbai,135457,2010-12-17,4
352,First352,Last352,HR,London,77945,2010-12-18,2
353,First353,Last353,IT,Sydney,94874,2010-12-19,7
354,First354,Last354,HR,Berlin,127816,2010-12-20,10
355,First355,Last355,IT,Sydney,124746,2010-12-21,6
356,First356,Last356,HR,Berlin,132001,2010-12-22,5
357,First357,Last357,IT,New York,139630,2010-12-23,8
358,First358,Last358,Sales,Sydney,132617,2010-12-24,2
359,First359,Last359,IT,Berlin,72737,2010-12-25,2
360,First360,Last360,IT,Sydney,63961,2010-12-26,2
361,First361,Last361,Finance,London,54445,2010-12-27,6
362,First362,Last362,Marketing,Mumbai,49896,2010-12-28,5
363,First363,Last363,Finance,Sydney,41571,2010-12-29,5
364,First364,Last364,Operations,Sydney,102727,2010-12-30,4
365,First365,Last365,Marketing,Sydney,39820,2010-12-31,3
366,First366,Last366,IT,New York,61466,2011-01-01,4
367,First367,Last367,Operations,Sydney,40144,2011-01-02,2
368,First368,Last368,Marketing,New York,107479,2011-01-03,5
369,First369,Last369,HR,Berlin,109921,2011-01-04,2
370,First370,Last370,HR,London,147733,2011-01-05,7
371,First371,Last371,Sales,Sydney,71665,2011-01-06,6
372,First372,Last372,Operations,Sydney,60002,2011-01-07,4
373,First373,Last373,HR,London,109735,2011-01-08,7
374,First374,Last374,HR,Sydney,130336,2011-01-09,4
375,First375,Last375,HR,Sydney,133005,2011-01-10,3
376,First376,Last376,IT,Tokyo,68907,2011-01-11,7
377,First377,Last377,IT,Berlin,95451,2011-01-12,3
378,First378,Last378,Operations,New York,40424,2011-01-13,1
379,First379,Last379,Operations,London,145176,2011-01-14,1
380,First380,Last380,Operations,London,146463,2011-01-15,1
381,First381,Last381,Finance,Mumbai,34588,2011-01-16,4
382,First382,Last382,Sales,Tokyo,85766,2011-01-17,8
383,First383,Last383,Sales,Sydney,38958,2011-01-18,6
384,First384,Last384,IT,London,147630,2011-01-19,1
385,First385,Last385,Operations,Tokyo,66999,2011-01-20,6
386,First386,Last386,Finance,Tokyo,96386,2011-01-21,2
387,First387,Last387,IT,London,128247,2011-01-22,10
388,First388,Last388,Operations,Berlin,132575,2011-01-23,1
389,First389,Last389,Sales,London,134652,2011-01-24,6
390,First390,Last390,IT,Sydney,95827,2011-01-25,3
391,First391,Last391,Marketing,Tokyo,90549,2011-01-26,5
392,First392,Last392,Sales,Tokyo,77919,2011-01-27,4
393,First393,Last393,Sales,Sydney,107725,2011-01-28,10
394,First394,Last394,Operations,London,41374,2011-01-29,10
395,First395,Last395,IT,Mumbai,81062,2011-01-30,8
396,First396,Last396,HR,New York,105554,2011-01-31,5
397,First397,Last397,Marketing,Sydney,123285,2011-02-01,6
398,First398,Last398,Finance,New York,51117,2011-02-02,6
399,First399,Last399,Operations,London,108233,2011-02-03,10
400,First400,Last400,Marketing,Berlin,42342,2011-02-04,4
401,First401,Last401,HR,Berlin,110399,2011-02-05,10
402,First402,Last402,Operations,New York,138923,2011-02-06,1
403,First403,Last403,HR,Mumbai,97963,2011-02-07,9
404,First404,Last404,Operations,New York,64522,2011-02-08,6
405,First405,Last405,IT,Sydney,47807,2011-02-09,9
406,First406,Last406,Sales,Mumbai,101915,2011-02-10,5
407,First407,Last407,HR,Tokyo,78927,2011-02-11,5
408,First408,Last408,Marketing,Sydney,82906,2011-02-12,3
409,First409,Last409,Finance,Sydney,74338,2011-02-13,9
410,First410,Last410,IT,New York,108173,2011-02-14,2
411,First411,Last411,IT,Tokyo,56146,2011-02-15,7
412,First412,Last412,Finance,Berlin,76229,2011-02-16,7
413,First413,Last413,IT,Tokyo,39358,2011-02-17,9
414,First414,Last414,Marketing,Berlin,87575,2011-02-18,1
415,First415,Last415,HR,Tokyo,65831,2011-02-19,1
416,First416,Last416,IT,Mumbai,35572,2011-02-20,8
417,First417,Last417,Finance,Mumbai,73149,2011-02-21,5
418,First418,Last418,Operations,London,145675,2011-02-22,6
419,First419,Last419,HR,Berlin,106852,2011-02-23,9
420,First420,Last420,Sales,Sydney,134253,2011-02-24,4
421,First421,Last421,Sales,Sydney,39344,2011-02-25,2
422,First422,Last422,HR,New York,132449,2011-02-26,5
423,First423,Last423,Marketing,Mumbai,98302,2011-02-27,4
424,First424,Last424,HR,Sydney,137176,2011-02-28,4
425,First425,Last425,Finance,Tokyo,51355,2011-03-01,6
426,First426,Last426,Marketing,New York,74569,2011-03-02,8
427,First427,Last427,Marketing,New York,76234,2011-03-03,5
428,First428,Last428,Finance,Tokyo,50685,2011-03-04,7
429,First429,Last429,HR,London,144167,2011-03-05,9
430,First430,Last430,IT,Sydney,35728,2011-03-06,6
431,First431,Last431,HR,Sydney,44184,2011-03-07,8
432,First432,Last432,Operations,London,107600,2011-03-08,4
433,First433,Last433,HR,Berlin,89671,2011-03-09,3
434,First434,Last434,IT,London,33396,2011-03-10,9
435,First435,Last435,HR,Berlin,70524,2011-03-11,9
436,First436,Last436,Sales,Mumbai,106090,2011-03-12,2
437,First437,Last437,Marketing,Mumbai,138235,2011-03-13,6
438,First438,Last438,HR,New York,47340,2011-03-14,1
439,First439,Last439,Sales,Mumbai,63962,2011-03-15,8
440,First440,Last440,HR,Mumbai,113105,2011-03-16,8
441,First441,Last441,HR,Berlin,40476,2011-03-17,4
442,First442,Last442,Sales,Sydney,44688,2011-03-18,5
443,First443,Last443,HR,Mumbai,95992,2011-03-19,9
444,First444,Last444,Sales,London,141094,2011-03-20,1
445,First445,Last445,Sales,Sydney,44327,2011-03-21,10
446,First446,Last446,Marketing,London,118061,2011-03-22,4
447,First447,Last447,Operations,Berlin,98515,2011-03-23,5
448,First448,Last448,HR,Berlin,148410,2011-03-24,6
449,First449,Last449,Sales,New York,80297,2011-03-25,10
450,First450,Last450,IT,Berlin,137260,2011-03-26,7
451,First451,Last451,Marketing,Mumbai,102213,2011-03-27,3
452,First452,Last452,Marketing,Mumbai,140761,2011-03-28,8
453,First453,Last453,HR,Sydney,43056,2011-03-29,6
454,First454,Last454,HR,Mumbai,127768,2011-03-30,4
455,First455,Last455,Marketing,Sydney,48142,2011-03-31,9
456,First456,Last456,HR,Mumbai,100409,2011-04-01,1
457,First457,Last457,HR,Mumbai,74294,2011-04-02,4
458,First458,Last458,Marketing,Berlin,35009,2011-04-03,2
459,First459,Last459,HR,New York,131293,2011-04-04,2
460,First460,Last460,HR,Mumbai,92635,2011-04-05,3
461,First461,Last461,Marketing,Mumbai,86566,2011-04-06,9
462,First462,Last462,Operations,Berlin,94528,2011-04-07,3
463,First463,Last463,Operations,Tokyo,149394,2011-04-08,9
464,First464,Last464,Finance,Mumbai,40089,2011-04-09,6
465,First465,Last465,Operations,New York,61748,2011-04-10,8
466,First466,Last466,HR,Mumbai,94721,2011-04-11,6
467,First467,Last467,HR,Mumbai,89763,2011-04-12,7
468,First468,Last468,Marketing,Sydney,94168,2011-04-13,9
469,First469,Last469,Operations,Berlin,85679,2011-04-14,3
470,First470,Last470,HR,London,97835,2011-04-15,4
471,First471,Last471,IT,Tokyo,41347,2011-04-16,4
472,First472,Last472,Finance,Berlin,134642,2011-04-17,8
473,First473,Last473,IT,London,35745,2011-04-18,7
474,First474,Last474,Operations,Tokyo,70796,2011-04-19,3
475,First475,Last475,IT,Berlin,46481,2011-04-20,4
476,First476,Last476,Operations,Tokyo,39877,2011-04-21,8
477,First477,Last477,HR,Mumbai,122071,2011-04-22,3
478,First478,Last478,Sales,London,45438,2011-04-23,5
479,First479,Last479,Marketing,Berlin,86483,2011-04-24,9
480,First480,Last480,Finance,Berlin,145730,2011-04-25,6
481,First481,Last481,Sales,Tokyo,117941,2011-04-26,8
482,First482,Last482,Sales,Mumbai,114404,2011-04-27,1
483,First483,Last483,Marketing,Berlin,109377,2011-04-28,5
484,First484,Last484,Marketing,Berlin,36606,2011-04-29,2
485,First485,Last485,Finance,Tokyo,89744,2011-04-30,3
486,First486,Last486,Sales,Tokyo,63828,2011-05-01,9
487,First487,Last487,Finance,New York,103530,2011-05-02,5
488,First488,Last488,HR,London,80683,2011-05-03,5
489,First489,Last489,IT,Sydney,41917,2011-05-04,7
490,First490,Last490,Sales,New York,56026,2011-05-05,6
491,First491,Last491,Operations,Berlin,66328,2011-05-06,9
492,First492,Last492,Operations,New York,74617,2011-05-07,1
493,First493,Last493,HR,London,34569,2011-05-08,10
494,First494,Last494,Marketing,Berlin,74166,2011-05-09,5
495,First495,Last495,IT,Berlin,67132,2011-05-10,1
496,First496,Last496,Operations,Berlin,84055,2011-05-11,8
497,First497,Last497,Sales,New York,52266,2011-05-12,5
498,First498,Last498,Sales,New York,98501,2011-05-13,1
499,First499,Last499,Marketing,Berlin,127901,2011-05-14,2
500,First500,Last500,IT,London,57047,2011-05-15,7
501,First501,Last501,Operations,Mumbai,76941,2011-05-16,1
502,First502,Last502,Sales,Sydney,78162,2011-05-17,3
503,First503,Last503,Sales,New York,113647,2011-05-18,2
504,First504,Last504,Operations,Sydney,58286,2011-05-19,6
505,First505,Last505,HR,Mumbai,124604,2011-05-20,3
506,First506,Last506,Marketing,Tokyo,102835,2011-05-21,1
507,First507,Last507,HR,New York,144098,2011-05-22,8
508,First508,Last508,Finance,Berlin,50528,2011-05-23,4
509,First509,Last509,Sales,Berlin,129086,2011-05-24,3
510,First510,Last510,IT,Berlin,64361,2011-05-25,5
511,First511,Last511,Marketing,Sydney,119102,2011-05-26,10
512,First512,Last512,Finance,Tokyo,94866,2011-05-27,8
513,First513,Last513,Finance,New York,72190,2011-05-28,10
514,First514,Last514,Finance,New York,137022,2011-05-29,5
515,First515,Last515,Finance,Tokyo,65019,2011-05-30,9
516,First516,Last516,Operations,Tokyo,125476,2011-05-31,10
517,First517,Last517,Sales,Sydney,62608,2011-06-01,3
518,First518,Last518,HR,New York,93922,2011-06-02,1
519,First519,Last519,HR,New York,99425,2011-06-03,4
520,First520,Last520,Finance,Mumbai,67133,2011-06-04,9
521,First521,Last521,Finance,Mumbai,64476,2011-06-05,10
522,First522,Last522,HR,Berlin,136994,2011-06-06,9
523,First523,Last523,Sales,London,73225,2011-06-07,4
524,First524,Last524,IT,Berlin,61687,2011-06-08,8
525,First525,Last525,IT,Sydney,119770,2011-06-09,10
526,First526,Last526,HR,Tokyo,112424,2011-06-10,2
527,First527,Last527,HR,Mumbai,46461,2011-06-11,9
528,First528,Last528,IT,Berlin,138910,2011-06-12,4
529,First529,Last529,IT,Berlin,40044,2011-06-13,1
530,First530,Last530,HR,Mumbai,67936,2011-06-14,3
531,First531,Last531,Sales,Berlin,68736,2011-06-15,1
532,First532,Last532,Sales,London,49713,2011-06-16,10
533,First533,Last533,Finance,London,53145,2011-06-17,9
534,First534,Last534,Operations,Berlin,32465,2011-06-18,1
535,First535,Last535,Sales,Tokyo,42321,2011-06-19,2
536,First536,Last536,Operations,Berlin,45502,2011-06-20,5
537,First537,Last537,HR,London,45710,2011-06-21,8
538,First538,Last538,Sales,Sydney,82685,2011-06-22,5
539,First539,Last539,Operations,New York,93629,2011-06-23,1
540,First540,Last540,Operations,Sydney,38524,2011-06-24,9
541,First541,Last541,Marketing,London,136198,2011-06-25,1
542,First542,Last542,IT,Sydney,75061,2011-06-26,2
543,First543,Last543,Marketing,New York,107846,2011-06-27,3
544,First544,Last544,IT,Tokyo,51776,2011-06-28,5
545,First545,Last545,Sales,London,116446,2011-06-29,5
546,First546,Last546,Operations,London,73254,2011-06-30,3
547,First547,Last547,HR,Berlin,127016,2011-07-01,8
548,First548,Last548,Sales,Tokyo,105999,2011-07-02,4
549,First549,Last549,HR,Tokyo,107257,2011-07-03,5
550,First550,Last550,IT,Sydney,135737,2011-07-04,4
551,First551,Last551,Sales,Berlin,116469,2011-07-05,7
552,First552,Last552,Finance,New York,42189,2011-07-06,7
553,First553,Last553,Sales,Sydney,36134,2011-07-07,7
554,First554,Last554,Sales,Tokyo,63545,2011-07-08,6
555,First555,Last555,Finance,Berlin,128598,2011-07-09,3
556,First556,Last556,Operations,New York,131455,2011-07-10,5
557,First557,Last557,Sales,Sydney,120663,2011-07-11,1
558,First558,Last558,Marketing,New York,62539,2011-07-12,7
559,First559,Last559,Sales,Tokyo,33526,2011-07-13,9
560,First560,Last560,Finance,Tokyo,119071,2011-07-14,4
561,First561,Last561,HR,Mumbai,71154,2011-07-15,7
562,First562,Last562,Sales,London,48845,2011-07-16,3
563,First563,Last563,Sales,New York,44822,2011-07-17,2
564,First564,Last564,IT,London,120262,2011-07-18,10
565,First565,Last565,HR,Sydney,82586,2011-07-19,7
566,First566,Last566,Operations,Mumbai,83305,2011-07-20,1
567,First567,Last567,Sales,London,117090,2011-07-21,3
568,First568,Last568,HR,London,96879,2011-07-22,3
569,First569,Last569,IT,Berlin,70652,2011-07-23,1
570,First570,Last570,HR,Tokyo,111454,2011-07-24,9
571,First571,Last571,Sales,New York,111934,2011-07-25,9
572,First572,Last572,IT,Tokyo,30485,2011-07-26,9
573,First573,Last573,Finance,Tokyo,122882,2011-07-27,5
574,First574,Last574,Marketing,Mumbai,69616,2011-07-28,7
575,First575,Last575,HR,Berlin,45890,2011-07-29,10
576,First576,Last576,HR,London,80524,2011-07-30,6
577,First577,Last577,HR,Berlin,142227,2011-07-31,10
578,First578,Last578,Sales,London,47309,2011-08-01,9
579,First579,Last579,Marketing,Sydney,60654,2011-08-02,2
580,First580,Last580,Operations,London,50458,2011-08-03,10
581,First581,Last581,IT,Mumbai,59058,2011-08-04,8
582,First582,Last582,Operations,Mumbai,49783,2011-08-05,3
583,First583,Last583,Sales,Mumbai,131281,2011-08-06,1
584,First584,Last584,Finance,New York,39715,2011-08-07,7
585,First585,Last585,IT,Sydney,112923,2011-08-08,9
586,First586,Last586,Sales,Tokyo,72756,2011-08-09,1
587,First587,Last587,IT,Berlin,126475,2011-08-10,9
588,First588,Last588,Marketing,New York,70765,2011-08-11,10
589,First589,Last589,IT,Mumbai,66068,2011-08-12,7
590,First590,Last590,Finance,Mumbai,43702,2011-08-13,3
591,First591,Last591,Marketing,Sydney,111986,2011-08-14,3
592,First592,Last592,Sales,Berlin,141414,2011-08-15,9
593,First593,Last593,Operations,Sydney,52295,2011-08-16,3
594,First594,Last594,Operations,New York,131590,2011-08-17,6
595,First595,Last595,Finance,London,100032,2011-08-18,5
596,First596,Last596,Operations,Sydney,109195,2011-08-19,8
597,First597,Last597,Finance,Sydney,50388,2011-08-20,8
598,First598,Last598,IT,Sydney,55108,2011-08-21,2
599,First599,Last599,Finance,Berlin,41534,2011-08-22,3
600,First600,Last600,Operations,Tokyo,51571,2011-08-23,5
601,First601,Last601,Operations,New York,61314,2011-08-24,2
602,First602,Last602,IT,Berlin,36257,2011-08-25,8
603,First603,Last603,Operations,Mumbai,65043,2011-08-26,4
604,First604,Last604,Marketing,Sydney,39487,2011-08-27,4
605,First605,Last605,Operations,London,129225,2011-08-28,10
606,First606,Last606,HR,Sydney,116238,2011-08-29,8
607,First607,Last607,HR,New York,127148,2011-08-30,2
608,First608,Last608,HR,Berlin,145833,2011-08-31,4
609,First609,Last609,Marketing,London,37249,2011-09-01,5
610,First610,Last610,Sales,New York,137155,2011-09-02,3
611,First611,Last611,Operations,Sydney,107737,2011-09-03,10
612,First612,Last612,Sales,Mumbai,89657,2011-09-04,2
613,First613,Last613,Operations,Mumbai,130080,2011-09-05,10
614,First614,Last614,Marketing,New York,99928,2011-09-06,9
615,First615,Last615,HR,London,121974,2011-09-07,4
616,First616,Last616,Finance,Mumbai,94329,2011-09-08,10
617,First617,Last617,Sales,Mumbai,99690,2011-09-09,4
618,First618,Last618,Marketing,Tokyo,39551,2011-09-10,6
619,First619,Last619,Operations,London,99616,2011-09-11,2
620,First620,Last620,Operations,London,131288,2011-09-12,10
621,First621,Last621,Sales,New York,90142,2011-09-13,4
622,First622,Last622,Finance,London,38547,2011-09-14,7
623,First623,Last623,Finance,Tokyo,32741,2011-09-15,9
624,First624,Last624,IT,Sydney,126179,2011-09-16,1
625,First625,Last625,Finance,Tokyo,88506,2011-09-17,6
626,First626,Last626,Marketing,Berlin,56276,2011-09-18,4
627,First627,Last627,Operations,London,41153,2011-09-19,9
628,First628,Last628,IT,Sydney,127047,2011-09-20,6
629,First629,Last629,HR,New York,89351,2011-09-21,9
630,First630,Last630,HR,New York,45521,2011-09-22,1
631,First631,Last631,Marketing,Berlin,75563,2011-09-23,6
632,First632,Last632,IT,Mumbai,130765,2011-09-24,10
633,First633,Last633,Finance,Mumbai,76926,2011-09-25,9
634,First634,Last634,Sales,Mumbai,136387,2011-09-26,1
635,First635,Last635,Operations,Mumbai,90666,2011-09-27,9
636,First636,Last636,Operations,London,88900,2011-09-28,10
637,First637,Last637,Finance,New York,67044,2011-09-29,4
638,First638,Last638,IT,London,52775,2011-09-30,4
639,First639,Last639,HR,Tokyo,60028,2011-10-01,7
640,First640,Last640,HR,Tokyo,38554,2011-10-02,1
641,First641,Last641,IT,London,30794,2011-10-03,4
642,First642,Last642,IT,London,46472,2011-10-04,4
643,First643,Last643,Finance,Mumbai,62046,2011-10-05,5
644,First644,Last644,Marketing,New York,105060,2011-10-06,5
645,First645,Last645,Operations,Berlin,41285,2011-10-07,3
646,First646,Last646,Marketing,Tokyo,123801,2011-10-08,9
647,First647,Last647,Marketing,Mumbai,131857,2011-10-09,9
648,First648,Last648,Finance,Berlin,45890,2011-10-10,7
649,First649,Last649,Finance,Berlin,52686,2011-10-11,5
650,First650,Last650,IT,Tokyo,132124,2011-10-12,10
651,First651,Last651,Marketing,Tokyo,133963,2011-10-13,1
652,First652,Last652,Marketing,London,141781,2011-10-14,1
653,First653,Last653,Sales,Tokyo,149653,2011-10-15,8
654,First654,Last654,HR,Tokyo,127872,2011-10-16,3
655,First655,Last655,Sales,Mumbai,96505,2011-10-17,5
656,First656,Last656,IT,Mumbai,50494,2011-10-18,6
657,First657,Last657,Sales,London,104928,2011-10-19,5
658,First658,Last658,HR,New York,102436,2011-10-20,7
659,First659,Last659,Sales,Mumbai,85655,2011-10-21,8
660,First660,Last660,Operations,Sydney,94789,2011-10-22,3
661,First661,Last661,Sales,Tokyo,109501,2011-10-23,7
662,First662,Last662,HR,Tokyo,104829,2011-10-24,9
663,First663,Last663,HR,London,68425,2011-10-25,1
664,First664,Last664,Operations,Tokyo,46280,2011-10-26,9
665,First665,Last665,HR,Tokyo,111472,2011-10-27,5
666,First666,Last666,Finance,Tokyo,117388,2011-10-28,4
667,First667,Last667,IT,Tokyo,48963,2011-10-29,1
668,First668,Last668,Operations,London,111682,2011-10-30,1
669,First669,Last669,Finance,Mumbai,149429,2011-10-31,1
670,First670,Last670,Marketing,Berlin,88548,2011-11-01,5
671,First671,Last671,HR,Mumbai,47418,2011-11-02,8
672,First672,Last672,Operations,New York,39601,2011-11-03,8
673,First673,Last673,IT,Sydney,61018,2011-11-04,4
674,First674,Last674,Finance,Tokyo,113209,2011-11-05,2
675,First675,Last675,Operations,London,32681,2011-11-06,1
676,First676,Last676,IT,Mumbai,76608,2011-11-07,9
677,First677,Last677,Sales,New York,34883,2011-11-08,6
678,First678,Last678,Sales,London,54617,2011-11-09,9
679,First679,Last679,Finance,Sydney,89526,2011-11-10,9
680,First680,Last680,Operations,Sydney,60517,2011-11-11,10
681,First681,Last681,Finance,New York,76243,2011-11-12,8
682,First682,Last682,Marketing,London,107157,2011-11-13,10
683,First683,Last683,Marketing,Sydney,70767,2011-11-14,2
684,First684,Last684,HR,New York,66884,2011-11-15,3
685,First685,Last685,Operations,Tokyo,32315,2011-11-16,8
686,First686,Last686,IT,Berlin,46760,2011-11-17,1
687,First687,Last687,IT,New York,141268,2011-11-18,1
688,First688,Last688,Marketing,Sydney,34524,2011-11-19,6
689,First689,Last689,HR,Tokyo,86437,2011-11-20,8
690,First690,Last690,Operations,Tokyo,71806,2011-11-21,8
691,First691,Last691,Marketing,Berlin,121005,2011-11-22,3
692,First692,Last692,Marketing,London,57198,2011-11-23,3
693,First693,Last693,Sales,Berlin,34759,2011-11-24,10
694,First694,Last694,IT,London,70867,2011-11-25,5
695,First695,Last695,Finance,Berlin,96928,2011-11-26,1
696,First696,Last696,Operations,Berlin,106850,2011-11-27,10
697,First697,Last697,HR,Sydney,129991,2011-11-28,4
698,First698,Last698,HR,Sydney,87448,2011-11-29,8
699,First699,Last699,IT,London,105738,2011-11-30,1
700,First700,Last700,Sales,Mumbai,84937,2011-12-01,2
701,First701,Last701,Operations,London,44791,2011-12-02,1
702,First702,Last702,HR,Tokyo,105474,2011-12-03,3
703,First703,Last703,Operations,Sydney,65850,2011-12-04,9
704,First704,Last704,Operations,Tokyo,128401,2011-12-05,5
705,First705,Last705,Sales,Sydney,111994,2011-12-06,7
706,First706,Last706,HR,London,143098,2011-12-07,10
707,First707,Last707,Operations,Berlin,83403,2011-12-08,10
708,First708,Last708,HR,London,95489,2011-12-09,3
709,First709,Last709,Sales,New York,63350,2011-12-10,8
710,First710,Last710,HR,Berlin,80601,2011-12-11,2
711,First711,Last711,HR,New York,75926,2011-12-12,5
712,First712,Last712,Sales,Berlin,98438,2011-12-13,4
713,First713,Last713,Marketing,Tokyo,138822,2011-12-14,10
714,First714,Last714,IT,Tokyo,36169,2011-12-15,3
715,First715,Last715,Sales,New York,48377,2011-12-16,7
716,First716,Last716,IT,Tokyo,75203,2011-12-17,6
717,First717,Last717,Marketing,London,114085,2011-12-18,6
718,First718,Last718,HR,Tokyo,48191,2011-12-19,8
719,First719,Last719,Sales,Tokyo,114344,2011-12-20,1
720,First720,Last720,Operations,London,56645,2011-12-21,9
721,First721,Last721,Sales,Tokyo,71853,2011-12-22,3
722,First722,Last722,IT,Tokyo,104524,2011-12-23,8
723,First723,Last723,HR,Tokyo,94702,2011-12-24,6
724,First724,Last724,Marketing,London,106831,2011-12-25,1
725,First725,Last725,Finance,New York,98301,2011-12-26,10
726,First726,Last726,Finance,Mumbai,132231,2011-12-27,9
727,First727,Last727,HR,Sydney,100526,2011-12-28,7
728,First728,Last728,IT,Sydney,74978,2011-12-29,2
729,First729,Last729,HR,London,85383,2011-12-30,1
730,First730,Last730,IT,Mumbai,128464,2011-12-31,7
731,First731,Last731,HR,London,73281,2012-01-01,9
732,First732,Last732,HR,Mumbai,119028,2012-01-02,9
733,First733,Last733,Finance,Mumbai,86893,2012-01-03,2
734,First734,Last734,Sales,Tokyo,46351,2012-01-04,2
735,First735,Last735,HR,Mumbai,43377,2012-01-05,5
736,First736,Last736,IT,Berlin,33306,2012-01-06,10
737,First737,Last737,Finance,New York,123922,2012-01-07,10
738,First738,Last738,Marketing,Berlin,46663,2012-01-08,1
739,First739,Last739,IT,Tokyo,72366,2012-01-09,8
740,First740,Last740,Marketing,Mumbai,39867,2012-01-10,4
741,First741,Last741,Sales,London,147597,2012-01-11,9
742,First742,Last742,Operations,New York,129651,2012-01-12,6
743,First743,Last743,Marketing,Sydney,30241,2012-01-13,7
744,First744,Last744,IT,London,37607,2012-01-14,5
745,First745,Last745,Finance,New York,114831,2012-01-15,9
746,First746,Last746,Finance,Tokyo,39495,2012-01-16,4
747,First747,Last747,IT,Tokyo,126534,2012-01-17,8
748,First748,Last748,Marketing,Sydney,132015,2012-01-18,1
749,First749,Last749,IT,Mumbai,116142,2012-01-19,2
750,First750,Last750,Sales,London,111640,2012-01-20,9
751,First751,Last751,HR,Tokyo,125818,2012-01-21,5
752,First752,Last752,Operations,Sydney,35965,2012-01-22,9
753,First753,Last753,HR,Mumbai,125724,2012-01-23,10
754,First754,Last754,IT,Tokyo,111721,2012-01-24,10
755,First755,Last755,Operations,New York,30050,2012-01-25,4
756,First756,Last756,Sales,New York,142904,2012-01-26,7
757,First757,Last757,Sales,Mumbai,100518,2012-01-27,2
758,First758,Last758,Operations,Berlin,134896,2012-01-28,4
759,First759,Last759,Marketing,Tokyo,93610,2012-01-29,5
760,First760,Last760,Marketing,Berlin,51509,2012-01-30,9
761,First761,Last761,Marketing,London,112420,2012-01-31,5
762,First762,Last762,Operations,London,143170,2012-02-01,10
763,First763,Last763,HR,New York,51554,2012-02-02,4
764,First764,Last764,Finance,London,128740,2012-02-03,8
765,First765,Last765,Marketing,New York,73616,2012-02-04,2
766,First766,Last766,IT,Sydney,87142,2012-02-05,4
767,First767,Last767,Operations,New York,52975,2012-02-06,8
768,First768,Last768,HR,Berlin,42182,2012-02-07,5
769,First769,Last769,Finance,London,112602,2012-02-08,3
770,First770,Last770,Sales,Sydney,120455,2012-02-09,6
771,First771,Last771,Operations,London,129293,2012-02-10,4
772,First772,Last772,HR,Sydney,134425,2012-02-11,6
773,First773,Last773,Finance,Tokyo,136870,2012-02-12,2
774,First774,Last774,Marketing,Tokyo,72431,2012-02-13,1
775,First775,Last775,Operations,Berlin,86194,2012-02-14,2
776,First776,Last776,Marketing,London,53366,2012-02-15,8
777,First777,Last777,Sales,London,92887,2012-02-16,5
778,First778,Last778,Sales,New York,97026,2012-02-17,10
779,First779,Last779,HR,Berlin,72297,2012-02-18,5
780,First780,Last780,HR,Tokyo,57351,2012-02-19,2
781,First781,Last781,IT,New York,46170,2012-02-20,10
782,First782,Last782,IT,Mumbai,84631,2012-02-21,8
783,First783,Last783,Marketing,New York,74008,2012-02-22,2
784,First784,Last784,Marketing,Tokyo,52551,2012-02-23,7
785,First785,Last785,Operations,Mumbai,42833,2012-02-24,9
786,First786,Last786,Finance,London,66511,2012-02-25,10
787,First787,Last787,Operations,Berlin,52415,2012-02-26,1
788,First788,Last788,IT,Berlin,32023,2012-02-27,4
789,First789,Last789,IT,Mumbai,117793,2012-02-28,8
790,First790,Last790,Marketing,Mumbai,81559,2012-02-29,8
791,First791,Last791,IT,London,42867,2012-03-01,5
792,First792,Last792,Sales,Mumbai,99181,2012-03-02,6
793,First793,Last793,HR,London,132118,2012-03-03,9
794,First794,Last794,Sales,Berlin,55329,2012-03-04,3
795,First795,Last795,Finance,Mumbai,139237,2012-03-05,7
796,First796,Last796,Finance,Mumbai,138811,2012-03-06,4
797,First797,Last797,Finance,New York,92570,2012-03-07,10
798,First798,Last798,Finance,London,118588,2012-03-08,9
799,First799,Last799,Sales,Sydney,141265,2012-03-09,5
800,First800,Last800,Operations,Mumbai,101287,2012-03-10,2
801,First801,Last801,Marketing,Mumbai,99649,2012-03-11,1
802,First802,Last802,HR,New York,40055,2012-03-12,5
803,First803,Last803,Sales,Mumbai,122731,2012-03-13,8
804,First804,Last804,HR,Mumbai,54873,2012-03-14,5
805,First805,Last805,Sales,Berlin,68329,2012-03-15,6
806,First806,Last806,Finance,Sydney,80361,2012-03-16,9
807,First807,Last807,Marketing,Berlin,68392,2012-03-17,6
808,First808,Last808,HR,Tokyo,133284,2012-03-18,7
809,First809,Last809,Operations,Tokyo,116220,2012-03-19,7
810,First810,Last810,Operations,Sydney,87792,2012-03-20,1
811,First811,Last811,Operations,New York,81592,2012-03-21,6
812,First812,Last812,Sales,Sydney,121706,2012-03-22,10
813,First813,Last813,Sales,New York,137382,2012-03-23,5
814,First814,Last814,Finance,Mumbai,31597,2012-03-24,10
815,First815,Last815,Finance,New York,140705,2012-03-25,4
816,First816,Last816,Marketing,Mumbai,122429,2012-03-26,8
817,First817,Last817,IT,Tokyo,99451,2012-03-27,1
818,First818,Last818,Finance,Tokyo,117099,2012-03-28,1
819,First819,Last819,HR,Mumbai,116656,2012-03-29,1
820,First820,Last820,IT,Tokyo,147815,2012-03-30,10
821,First821,Last821,IT,London,43943,2012-03-31,5
822,First822,Last822,Sales,London,145441,2012-04-01,6
823,First823,Last823,Marketing,Berlin,108429,2012-04-02,5
824,First824,Last824,Operations,Tokyo,77034,2012-04-03,9
825,First825,Last825,Operations,New York,127274,2012-04-04,6
826,First826,Last826,HR,Berlin,62244,2012-04-05,1
827,First827,Last827,Operations,London,90703,2012-04-06,1
828,First828,Last828,Sales,New York,143252,2012-04-07,2
829,First829,Last829,Sales,New York,47663,2012-04-08,7
830,First830,Last830,Sales,London,136777,2012-04-09,4
831,First831,Last831,IT,New York,47669,2012-04-10,6
832,First832,Last832,Operations,Mumbai,61216,2012-04-11,2
833,First833,Last833,Finance,New York,68641,2012-04-12,8
834,First834,Last834,Finance,New York,38804,2012-04-13,9
835,First835,Last835,Marketing,New York,124404,2012-04-14,8
836,First836,Last836,Finance,Berlin,113030,2012-04-15,9
837,First837,Last837,IT,London,50972,2012-04-16,4
838,First838,Last838,Operations,Sydney,81007,2012-04-17,6
839,First839,Last839,IT,London,147605,2012-04-18,4
840,First840,Last840,IT,London,115798,2012-04-19,10
841,First841,Last841,IT,Mumbai,88505,2012-04-20,6
842,First842,Last842,Operations,New York,114637,2012-04-21,6
843,First843,Last843,Finance,Sydney,118624,2012-04-22,4
844,First844,Last844,Operations,Tokyo,38585,2012-04-23,5
845,First845,Last845,IT,New York,33288,2012-04-24,6
846,First846,Last846,Sales,London,89632,2012-04-25,6
847,First847,Last847,Sales,Sydney,138519,2012-04-26,1
848,First848,Last848,Finance,New York,36745,2012-04-27,9
849,First849,Last849,IT,New York,57272,2012-04-28,6
850,First850,Last850,Finance,Berlin,116874,2012-04-29,3
851,First851,Last851,HR,London,89431,2012-04-30,6
852,First852,Last852,IT,Mumbai,103103,2012-05-01,6
853,First853,Last853,HR,Tokyo,145295,2012-05-02,6
854,First854,Last854,Sales,New York,85414,2012-05-03,9
855,First855,Last855,Sales,London,37128,2012-05-04,6
856,First856,Last856,Operations,Mumbai,141982,2012-05-05,5
857,First857,Last857,Sales,Tokyo,70781,2012-05-06,2
858,First858,Last858,Operations,Mumbai,144790,2012-05-07,2
859,First859,Last859,Finance,Sydney,87251,2012-05-08,5
860,First860,Last860,Finance,London,106181,2012-05-09,7
861,First861,Last861,IT,Berlin,30674,2012-05-10,6
862,First862,Last862,Marketing,Tokyo,109679,2012-05-11,7
863,First863,Last863,IT,New York,82053,2012-05-12,1
864,First864,Last864,Marketing,Berlin,50290,2012-05-13,5
865,First865,Last865,Sales,Berlin,46658,2012-05-14,7
866,First866,Last866,Sales,Berlin,33547,2012-05-15,4
867,First867,Last867,Operations,London,68997,2012-05-16,10
868,First868,Last868,Finance,New York,80631,2012-05-17,5
869,First869,Last869,HR,New York,136136,2012-05-18,4
870,First870,Last870,Marketing,Sydney,123081,2012-05-19,2
871,First871,Last871,Sales,Sydney,110421,2012-05-20,8
872,First872,Last872,Operations,New York,56590,2012-05-21,8
873,First873,Last873,Sales,Berlin,34652,2012-05-22,10
874,First874,Last874,Marketing,Mumbai,66796,2012-05-23,2
875,First875,Last875,HR,Berlin,108647,2012-05-24,10
876,First876,Last876,HR,New York,133958,2012-05-25,7
877,First877,Last877,IT,Tokyo,69656,2012-05-26,1
878,First878,Last878,Operations,New York,41354,2012-05-27,3
879,First879,Last879,Operations,London,76910,2012-05-28,8
880,First880,Last880,Sales,New York,130188,2012-05-29,7
881,First881,Last881,Marketing,Berlin,39233,2012-05-30,8
882,First882,Last882,Marketing,Sydney,101390,2012-05-31,2
883,First883,Last883,Operations,London,31675,2012-06-01,4
884,First884,Last884,HR,Sydney,146630,2012-06-02,5
885,First885,Last885,Marketing,Tokyo,46341,2012-06-03,1
886,First886,Last886,Finance,Tokyo,95687,2012-06-04,8
887,First887,Last887,Marketing,Berlin,69101,2012-06-05,6
888,First888,Last888,Sales,Mumbai,91185,2012-06-06,8
889,First889,Last889,Finance,Berlin,79776,2012-06-07,10
890,First890,Last890,IT,New York,96753,2012-06-08,3
891,First891,Last891,Marketing,London,61524,2012-06-09,10
892,First892,Last892,IT,Berlin,105169,2012-06-10,5
893,First893,Last893,HR,London,55615,2012-06-11,5
894,First894,Last894,Marketing,Sydney,80072,2012-06-12,6
895,First895,Last895,Operations,Mumbai,40660,2012-06-13,8
896,First896,Last896,Marketing,New York,86666,2012-06-14,3
897,First897,Last897,Finance,Sydney,79351,2012-06-15,1
898,First898,Last898,HR,Berlin,95729,2012-06-16,7
899,First899,Last899,HR,Tokyo,149848,2012-06-17,8
900,First900,Last900,Marketing,New York,48191,2012-06-18,10
901,First901,Last901,Finance,Mumbai,44137,2012-06-19,1
902,First902,Last902,Finance,Tokyo,141461,2012-06-20,9
903,First903,Last903,HR,London,145321,2012-06-21,7
904,First904,Last904,Marketing,New York,99173,2012-06-22,3
905,First905,Last905,Finance,Sydney,54426,2012-06-23,8
906,First906,Last906,HR,Mumbai,119229,2012-06-24,7
907,First907,Last907,IT,Tokyo,46129,2012-06-25,9
908,First908,Last908,Marketing,Sydney,65752,2012-06-26,8
909,First909,Last909,HR,Mumbai,30046,2012-06-27,1
910,First910,Last910,HR,Berlin,120629,2012-06-28,4
911,First911,Last911,IT,Tokyo,140282,2012-06-29,2
912,First912,Last912,Marketing,New York,140822,2012-06-30,4
913,First913,Last913,IT,Sydney,61237,2012-07-01,8
914,First914,Last914,Sales,London,39765,2012-07-02,10
915,First915,Last915,Sales,Sydney,115931,2012-07-03,7
916,First916,Last916,Sales,Tokyo,45283,2012-07-04,9
917,First917,Last917,IT,Tokyo,41101,2012-07-05,1
918,First918,Last918,Finance,Tokyo,81190,2012-07-06,4
919,First919,Last919,HR,Mumbai,120628,2012-07-07,8
920,First920,Last920,IT,New York,147896,2012-07-08,6
921,First921,Last921,HR,New York,69312,2012-07-09,10
922,First922,Last922,Operations,Mumbai,132085,2012-07-10,9
923,First923,Last923,Marketing,Mumbai,112843,2012-07-11,7
924,First924,Last924,Sales,London,73298,2012-07-12,7
925,First925,Last925,Marketing,Sydney,133287,2012-07-13,7
926,First926,Last926,HR,London,122997,2012-07-14,3
927,First927,Last927,Sales,Mumbai,113208,2012-07-15,6
928,First928,Last928,Sales,Berlin,93738,2012-07-16,10
929,First929,Last929,IT,Mumbai,95958,2012-07-17,7
930,First930,Last930,HR,New York,144597,2012-07-18,2
931,First931,Last931,Sales,Mumbai,141911,2012-07-19,4
932,First932,Last932,IT,Mumbai,73165,2012-07-20,10
933,First933,Last933,IT,London,44285,2012-07-21,2
934,First934,Last934,Finance,Berlin,124767,2012-07-22,1
935,First935,Last935,HR,Tokyo,138682,2012-07-23,9
936,First936,Last936,HR,Berlin,70120,2012-07-24,6
937,First937,Last937,Sales,New York,125859,2012-07-25,4
938,First938,Last938,Operations,Sydney,130795,2012-07-26,4
939,First939,Last939,Operations,Berlin,60033,2012-07-27,1
940,First940,Last940,HR,Berlin,134596,2012-07-28,3
941,First941,Last941,Sales,Tokyo,31514,2012-07-29,2
942,First942,Last942,Finance,Tokyo,75802,2012-07-30,6
943,First943,Last943,IT,Berlin,81522,2012-07-31,10
944,First944,Last944,Operations,Mumbai,97235,2012-08-01,8
945,First945,Last945,Sales,Sydney,79258,2012-08-02,7
946,First946,Last946,HR,Sydney,78731,2012-08-03,2
947,First947,Last947,Finance,London,147287,2012-08-04,2
948,First948,Last948,IT,New York,61827,2012-08-05,8
949,First949,Last949,Finance,New York,139387,2012-08-06,5
950,First950,Last950,Sales,Berlin,35488,2012-08-07,5
951,First951,Last951,Operations,Tokyo,137893,2012-08-08,4
952,First952,Last952,Finance,London,132201,2012-08-09,3
953,First953,Last953,HR,Sydney,46421,2012-08-10,3
954,First954,Last954,Marketing,New York,49297,2012-08-11,5
955,First955,Last955,Finance,Berlin,63747,2012-08-12,7
956,First956,Last956,Sales,Tokyo,33928,2012-08-13,9
957,First957,Last957,Sales,Sydney,89807,2012-08-14,8
958,First958,Last958,Marketing,Mumbai,130650,2012-08-15,1
959,First959,Last959,Marketing,London,140604,2012-08-16,5
960,First960,Last960,Sales,Sydney,98866,2012-08-17,2
961,First961,Last961,HR,London,42221,2012-08-18,1
962,First962,Last962,IT,Berlin,48189,2012-08-19,4
963,First963,Last963,IT,Mumbai,75872,2012-08-20,3
964,First964,Last964,Operations,London,102913,2012-08-21,8
965,First965,Last965,Operations,London,42690,2012-08-22,10
966,First966,Last966,Marketing,Berlin,38387,2012-08-23,2
967,First967,Last967,HR,Berlin,50072,2012-08-24,7
968,First968,Last968,Marketing,London,30173,2012-08-25,5
969,First969,Last969,Marketing,Tokyo,114326,2012-08-26,1
970,First970,Last970,IT,Mumbai,124704,2012-08-27,3
971,First971,Last971,Marketing,Berlin,48157,2012-08-28,9
972,First972,Last972,Operations,New York,104968,2012-08-29,6
973,First973,Last973,IT,Sydney,122139,2012-08-30,7
974,First974,Last974,Sales,Sydney,41245,2012-08-31,4
975,First975,Last975,Finance,London,86260,2012-09-01,8
976,First976,Last976,Sales,Tokyo,98094,2012-09-02,3
977,First977,Last977,Sales,Tokyo,135817,2012-09-03,9
978,First978,Last978,Sales,Berlin,83939,2012-09-04,8
979,First979,Last979,Marketing,Berlin,37214,2012-09-05,10
980,First980,Last980,IT,London,123200,2012-09-06,5
981,First981,Last981,Marketing,Mumbai,40652,2012-09-07,8
982,First982,Last982,Finance,New York,88017,2012-09-08,7
983,First983,Last983,IT,Sydney,120460,2012-09-09,10
984,First984,Last984,Operations,New York,139417,2012-09-10,8
985,First985,Last985,HR,New York,63398,2012-09-11,9
986,First986,Last986,Sales,Tokyo,84298,2012-09-12,4
987,First987,Last987,IT,Tokyo,53313,2012-09-13,1
988,First988,Last988,Finance,London,64724,2012-09-14,1
989,First989,Last989,HR,London,109815,2012-09-15,5
990,First990,Last990,Sales,Tokyo,121018,2012-09-16,8
991,First991,Last991,IT,Mumbai,89109,2012-09-17,2
992,First992,Last992,HR,Mumbai,117915,2012-09-18,4
993,First993,Last993,IT,Sydney,55868,2012-09-19,1
994,First994,Last994,Finance,London,123618,2012-09-20,7
995,First995,Last995,Marketing,Sydney,142350,2012-09-21,2
996,First996,Last996,Operations,London,102729,2012-09-22,1
997,First997,Last997,Sales,Tokyo,64475,2012-09-23,1
998,First998,Last998,HR,Berlin,77719,2012-09-24,6
999,First999,Last999,Operations,Tokyo,74157,2012-09-25,10
1000,First1000,Last1000,IT,Sydney,134282,2012-09-26,10
